{
    "top10_time": [
        [
            8,
            11.411994457244873
        ],
        [
            7,
            18.17945122718811
        ],
        [
            3,
            19.461843252182007
        ],
        [
            5,
            24.26464533805847
        ],
        [
            10,
            25.15470242500305
        ],
        [
            2,
            29.151426315307617
        ],
        [
            1,
            33.19464039802551
        ],
        [
            0,
            33.82952833175659
        ],
        [
            6,
            37.59631013870239
        ],
        [
            4,
            44.21360468864441
        ]
    ],
    "total_time": 334.2536771297455,
    "average_time": 30.386697920885954,
    "total_tokens": 2601,
    "token_ps": 7.78151499284893,
    "total_out_tokens": 2272,
    "out_token_ps": 6.797232627355928
}