{
    "top10": [
        {
            "idx": 0,
            "wall_time": 773.0104548931122
        }
    ],
    "total_time": 773.0104548931122,
    "average_time": 773.0104548931122
}