{
    "top10_time": [
        [
            12,
            8.743358135223389
        ],
        [
            5,
            9.25759744644165
        ],
        [
            3,
            9.675309419631958
        ],
        [
            7,
            10.030659914016724
        ],
        [
            11,
            10.285356521606445
        ],
        [
            10,
            10.392601251602173
        ],
        [
            2,
            10.5085608959198
        ],
        [
            0,
            10.622495651245117
        ],
        [
            6,
            10.63765573501587
        ],
        [
            8,
            10.678058624267578
        ]
    ],
    "total_time": 133.32076168060303,
    "average_time": 10.255443206200233,
    "total_tokens": 1454,
    "token_ps": 10.906028301003504,
    "total_out_tokens": 1040,
    "out_token_ps": 7.8007355110341425
}